aon,secuencia_rna,longitud_nt
AON1,CUCACAGGACAGCACAGGGCAA,22
AON2,CAGCAGGUGGGGCCCAGAUGCU,22
AON3,CAAACCCCACCCCCCCUCUCUU,22
AON4,GUAGGACUGUUGGAAACGGGG,21
AON5,AGCGUCUGAAACAGGGAA,18
AON6,GAACCUGAGCAGCGUCUGAAA,21
AON7,UGAGCAGCUUCCUCAGCACGG,21
AON8,CCCAGGCAGAAGUGGGGGAAG,21
AON9,GUGCAAGGUCAAUGAGGCCCC,21
AON10,CAAACCGGGCAUAGACAUCU,20
AON11,CUCGGCUACCACCCACCAAACC,22
AON12,CCCAGGGCCCAUGCUCCAUGGGC,23
AON13,GUAACCCUCCCAGCUUUGGA,20
AON14,GAGCCCCCCCGGUAACCCUCCCA,23
AON15,AGCACCAGCCCCUGCCACAGUC,22
AON16,UGCCACAGUCUGAUGCAGGAGCC,23
AON17,CCAGAUGCUCUCACAGGACAGCA,23
AON18,GGUGGGGCCCAGAUGCUCUCACA,23
AON20,CCCCUCUCUUCAGCAGGUGGGG,22
AON21,CCCACCCCCCCUCUCUUCAGCA,22
AON23,CAGGGAAGUAGGACUGUUGGAAAC,24
AON24,GCAGCGUCUGAAACAGGGAAGUAGG,25
AON25,GUUGAACCUGAGCAGCGUCUGAA,23
AON26,GGGAAGACAAUGAGCAGCUUCCU,23
AON27,AGGCCCCGGCCCAGGCAGAAGUG,23
AON28,GCCUGGCUCAGUGCAAGGUCAAU,23
AON29,ACCACCCACCAAACCGGGCAUAGA,24
AON31,UGCUCCAUGGGCCUCGGCUACCA,23
AON32,GGGCCCAUGCUCCAUGGGCCUCGG,24
AON44,AUGCUCCAUGGGCCUCGG,18
AON59,GCUCCAUGGGCCUCGG,16
AON60,UGCUCCAUGGGCCUCGG,17
