sitio,offset_rel_variante,tejido,wildtype,mutant,delta
aceptor_E2,-1092,heart,0.5096,0.4887,-0.0209
aceptor_E2,-1092,liver,0.4138,0.3893,-0.0245
aceptor_E2,-1092,brain,0.7138,0.6756,-0.0382
aceptor_E2,-1092,testis,0.6762,0.6615,-0.0147
donador_E2,-999,heart,0.5528,0.5185,-0.0343
donador_E2,-999,liver,0.4609,0.4481,-0.0128
donador_E2,-999,brain,0.7889,0.7514,-0.0375
donador_E2,-999,testis,0.7793,0.7666,-0.0127
aceptor_E3,395,heart,0.441,0.4009,-0.0401
aceptor_E3,395,liver,0.4551,0.4272,-0.028
aceptor_E3,395,brain,0.7114,0.6808,-0.0306
aceptor_E3,395,testis,0.7595,0.7519,-0.0076
donador_E3,536,heart,0.4926,0.4535,-0.0391
donador_E3,536,liver,0.4443,0.4214,-0.0229
donador_E3,536,brain,0.7514,0.7198,-0.0316
donador_E3,536,testis,0.8065,0.7958,-0.0107
donador_criptico,1,heart,0.0435,0.1876,0.1441
donador_criptico,1,liver,0.0747,0.2277,0.153
donador_criptico,1,brain,0.087,0.339,0.252
donador_criptico,1,testis,0.0897,0.3773,0.2876
aceptor_criptico,-89,heart,0.0163,0.0818,0.0654
aceptor_criptico,-89,liver,0.0549,0.1749,0.1201
aceptor_criptico,-89,brain,0.041,0.1642,0.1232
aceptor_criptico,-89,testis,0.0573,0.2454,0.188
aceptor_criptico_alt,-95,heart,0.0045,0.0259,0.0214
aceptor_criptico_alt,-95,liver,0.0119,0.0777,0.0658
aceptor_criptico_alt,-95,brain,0.0241,0.1659,0.1418
aceptor_criptico_alt,-95,testis,0.0383,0.1849,0.1467
